ADDRESS,CLND
0x1be7ed76b7b8cf290ad9f442b386eb62a5b4c33f,1015
0xf5085d0114b0710cdcb277a58df82210a533236d,134
0x1974c5243aa71d3f4cc2d8850d8f412478890ce4,80
0x89769a50e999f8ce057977623bfcb1e929555eea,647
0x5271e13f262e951a4266d12bdb6b657bf8edb602,1558
0xdef9ee0cd9a738c2d57591bcf421ca0e86e49743,789
0x09dc1e7b7339d5212094c78e3424f9ada107e177,330
0x090d8fa9e0366c367f94a3183989c625368a369d,4415
0x3b90345672d23393f2945f010cecaa0cceeda396,60
0x0d63481173b84d990ce483623eb1e4562a2da94f,152
0x18ab7ab0728a4af0b878fb3abcee6f02ed39bcf5,72
0x6a871a2ae3ab973a52fb9a8ad15e1783e23ce645,138
0x5e6a89897a42131393a217abd240d982ccad0c34,668
0x250f88bb49555ac1e51ff261f49b28d3e935708f,47
0x90fb7b6acd4003a77bae25140fb7969b381234b7,1320
0x5d844193de3fdb0afb82f0bedb24dea5a807762e,133
0x0cfeca14e659ea0e708aa22ad44b40e13622d5ad,165
0x3ad0e44da6a3f0e1c1ccbc351475bf8ab351bcb0,103
0xe472aebc027a182197259178d0f29d1b5c057480,3317
0x8883825c9eb6da91cefbe4cdc751ddea5ff68cd4,60
0xa970fa27e02a61d9ee6eb311cce7b8d2bdc6ab50,587
0xcf186b119c979ed9620bc56a0718ec8db52272ff,132
0x0e5589307f35411c54f68def95fe46c88fc495aa,28
0xed65856d5108082ba8f572fa3ff90bb6a250cd7d,133
0xb20170b40fd55f285cd561b3288ef091c3fb5a70,208
0x6f25a47159d97c063f1d67e582c94c5a23ac52c4,2609
0x9043b67cd859d5d24cc5ed1655bb24374128a22f,860
0x55eab7afc56d555707770c84a1b5920bc9ed611e,32
0x41848f6c185c7836a6683e44f0cf80f63d5d7952,311
0x3602c9d68b159f6240a886f5ba950d1f4705ce18,3300
0x71ff3d243b611f77217032d7fc98129286d1a997,311
0xdde63b0087ed247ce2d5013796247c1dc7604ab5,66
0x440d387bac0cde83a799612dc263cec1d75f2efa,660
0x18733adf535f3811d11342eb545fb464bfd25142,204
0xec1befcd51b97a9b146688e5dec94a79273f6db9,146
0x38b12913b375e2c14e9c61d8ea87e7ccaa381854,238
0xab0dfa1f8763592f341b2f8f89957f8219f97bf4,66
0x9bed2258fbea19e9ca597050839636539712ac3c,73
0xee8126d4fdb75b508839fe0e1b86b438c7afeecc,50
0xf71eaff7d6d70e3d1a43141de8f96f66ef85eb48,1235
0x49480a588912e96603df7046401af99606d7f572,462
0x682696add281b3cc3530c7cbc53c87d110181747,117
0xfa760c8f728b5ac3506327f75ab13e9a4d3a4b89,960
0xdae961f7ffaaf3c27fd861aaffe40b0f93f358e8,2306
0x2641f1a2a27af32272e4c4549e19073e32a6819c,119
0xca979932b8c3e1f6c9474c2fd059c4a153b441c9,1793
0xaac6b7516408f8f669571b36c262f0ab743190bc,1551
0xbf568431cdd5c54195d6bf084bb3e2c94b195204,12
0x7f3ab8c99ef2d77a64abb3b9214f27ab8fb7878d,86
0xee45e997b3558fcb3d0be4ed8e90ddf2a68c469c,535
0x87805025fee978a518a802fae5d68d862d1e2c4b,120
0xa74877e9eb41e674cec5ba42777a0db97fe87947,295
0x3f8999047de8eb1e0079a73d7b0845a8e92053f2,69
0x13ee5d4faa44cce20b2e5dcac76483ea26c2a4c7,495
0x740d71cb1771a436e1903b636cf364f6cb9f3b3f,667
0x70c65ec072d1e8ad54d92dce4ef77d666b404c2e,22
0xf5bd5a1b703301ba63c4bba5b977bccd4bc6504a,1980
0xb44ec03b6f120e32296b248bedd9de0068a5e88f,924
0x8fc59a1f35e36cc58112dbde251cef1cb9e1d450,114
0xe7f806b0e853e7a56866193201404b8ef253e079,354
0xaaf9bd4f28a0516e073e27723df2e0bdd1d6218f,185
0x45a382261c4164655100f3b2425d7f8fee66dc98,667
0x0fda749d5aaa595443f672bd5f088ac961dcbe50,1327
0x3337c6e0fecf7cec7ed2b0dcbe7b3463164fa34f,566
0xb6420a1fe5267e11f238ddbb48509a144bab45a0,113
0xdcd850e1ee6313a4b51c48f8c5285710976649e6,2475
0xee19f1159333fe4db2bc25b1cb2a2bf2c00d749c,2229
0xabe0b6419d5ee3866a5b67a8ace6fb1a21eab854,681
0xcd5b80a9f91fa962a01c65805b9647d778542a27,6586
0xbbfd0bf449cd9228d7ff823c4e4797d804a8171d,1285
0xa7d819ab2d37bffe12f373877511b6b2a1569186,102
0x48914ff102bcf740d7cd29f5fcb32e48de069aaf,24
0xf9a9fb16f96701604b5aedf43068357808a587cd,67
0x5dba3c5b13a576710caca114e2a94ed60333a302,660
0x2a563d022ac0d26fc0614e31bd1be479ba58630c,126
0x2e8a8a06b0037787c4e8428ca40be36b8eeecd3b,7
0x269564b82b27bc1e5124620926b671b73bc74416,75
0x5addc435b905e5819080eed11c5a9c345c82f8d1,720
0xaaa73cd7f48b191449fd606c7033c1915b4047bb,19
0xf68c57533750d2b8b5187399edee8eb3fa0880dd,93
0xd90b1e9dd8f099ec3f5b1e72b56ae804fad090ba,307
0x35eff70ab1e545248a3acd840f5b142d9a30d5e4,160
0x8ef5dc8b265e3e6c569b2dad06a2591ff2bad459,332
0x42c7f236a60f397dbd04fedd78a32313a0a615ab,13
0xb1d8eb03f95e8472e0728cd5fa7ec482b440afb6,3380
0x09d9d2103f564ce32578377f8e7b269faf0c6f5b,70
0xb5e1c4d4338a3ed4dff72bccc87b32de5787d1c0,7
0x37629053558826526006452b1cc14a6988fcda13,60
0x8089c372454b8a1885edbdf193ccc5607f3caef6,82
0x7587aded918291bc2019650abb440d2d17b05293,93
0x8f5c22f24b751da28f6f1dd05919b4743ec4d206,2667
0x14fcaf2914fb23f35d41c1d8877920f997ea8a0a,85
0x5336fb7f9f824f2a9f7110643ef837641a329202,16595
0x64f8c452b99de0e8ab7cc7c6e3af93aed74de1e9,23440
0x7ddc5cbbd2059826c3c5c2be333f6ae1ebf467c6,86
0x7a5934751f322c01f50b363c4810eca67db4d511,319
0xed1147269df49313277cb627a6a36fedf451abfb,490
0x40484ce186119bd113bb83fc276e4dc01e077fc5,125
0xc2fe50e4e2a72346108527a815627dda4bbd165c,1853
0x19a9ba3b3e15a1a2d8ddb1019da5ef861be25a0d,330
0x3e24fb9dc7d923cc4088494fb08a06cc890fc002,132
0x33f3172d37f51fc6f0d3d53667cc1b4400dbeea0,79
0x8afe590a2de1dd20120369dd7f28998caba1f3e1,125
0x17ccedb9a15a2ee91f0b1ba67e5b6a2d0df4dd60,53
0x020d1022160410d730c39695c083daff247525af,27
0xbec8e85795e04745a375a1ac95c0d7862fbfd175,204
0x57fdb7e3c877f68c6823a1818317ee0062aca065,14
0x3cbdd46c81ce4c7bf9550d499cf47d2c26433d8c,108
0x79c605526178e3bb8dcde571f77389390cc1ea8e,199
0xd683ec0871c6e6aa0792c33ed42a36868e6389e9,1321
0x4b0f9f050577bae155c01c3466b8cf33282dc0cc,1321
0x4b37f75540963fb256578b46d9e513b31824192c,66
0x9ef246d5f579d1513a50733f17a23479c71e6d1a,6600
0xe513857e59fd0d9adcb42821f19653464d4fe657,324
0xce1985e475dd8cc38b12d840bd081be0bdc826d0,224
0x59a9719f79bc24a2bdc7be7a4aab0ed86432711f,14
0x6f0eb6822ea838fe3c1198d21d76b07f8c79bbe6,53
0xf46163413e10cf3d7caa07d3bb78d0a4630dfd95,553
0x849b0fcbd031bd8f4af799930845ca7aac4c6854,15
0xd2645f07b873553621042aa499e1da490fba47f4,660
0xe9eece21d48655e600e95fc44e4d9d23c180469b,330
0x45a8a5b42dac256b3f639470bb5e5ff70b87e3ca,53
0x1079a9e84ba30a17840136c1222de6ed4e22f001,56
0xba6dec8522d19b4d54c530d45f327de474933077,2673
0x43f8b563201b66ab99ee139c163038c113341cb0,556
0x1199f6474cf0bcf306b6d25546412f853e5aa95b,72
0xc6bab29feefea2586e272209acf952026d0e81cd,845
0xcf96535242e5566e13acbfc8505bacf43562f58f,1980
0xe7a2fc013fe71bc188b979b7dc28b5430f9f2ba4,68
0x43be149662660989ef1cb86e0d326b5b322743b0,86
0xff51cc11aeb28f7709d332c7b0ca71fa290bb24d,1967
0xa9a4bef3b8cf47e2a3c8407193dfa38ccc4454a7,330
0x9b3bea45c378f0e3c5660de094f365cb0e8940f5,12
0x05332d4b3b53459b177f8e35cd270d104447577a,1875
0x5e38e06578fbbac907b5a0dbf515afa3ed7f363e,73
0x235095aa15c7c8ed76e34abff7016c1e5d41b20e,594
0xc2c74a089c81b9f33a777b661df4998605177b1b,80
0x8e54e17f28a74a6d3005cf4cd1b41a2bdacc27f4,753
0xa4c0baedfeae242abeecc98745486a62c5186f10,11548
0xa294c8c43f039c2b24c15fffc2fae567a7baffec,693
0x28cbbf803b04df25e5a70af074f234f6d0d36526,4617
0xf6b4e0e50fa4d1b0c0eabb6ff5b1a4aa2355440e,17
0x45b094efe2420da763768200e2bdefbf6b960089,7
0x2aa413db8bffc65de9c86f60a81eb8ab75745828,3591
0x1de686d54fa9b786870c3b67e1430bd1f08c1c5f,5083
0x4287287f3c9aae3773ee5d5ec9473f8d63829bb4,330
0x108f6fcd3f6c636a1a3e3ee546fdc5edb89dc200,613
0x32333516e44ce324f0a7b80966c205c8db1be56f,6277
0x9572fc5bec30439c520b079c4879f6b9ac348db0,16
0xdd66ea7b0e4a25d0a62b76070b8b9db0c50dd6d1,2
0xffbd199d179a7228696c565e462e48f67e77d4f5,67
0x2ebbef7736e40e00bc5821d6d2c55743258307bb,161
0x9a6e617d732621b816cbe11d9efe7a3ab04d04c2,1
0x76ba6ad497fcabfe91551c76cd73b6823cb596a4,1056
0xac46346e7cdc8c38856d4652206de1cf1279b6f6,335
0xa7b4357596bf3b311d340c9938dc88484e4f8338,126
0x8884fa5ae47d249763768f15e1535d40b51f7621,363
0x2ccf5721b16eb179997fcd561dc4b7f8ad1de4dc,882
0x4219a9d740af8fa977f4c21abeb05d5a7eb29e52,32
0x06ebbc8481652e7da261698cad19ec1b7c23fa51,70
0x5d94f2aa334d7b12152b50fea28ba9b05f64b8a6,105
0xa7250ef36f58ba4422cf0ae2736175c071ed4969,73
0xcf2e7b852850b23a4792a3a368eb67159324c339,103
0x4ebe31925c30a66cdc5b72d58b6fcf1cfdbc59d7,93
0xae7da7e868438ef50eedd5f67f349da629e4f52f,2150
0x63ada81cd0887289dea6f087e63f8ebdd1f573f9,279
0x55feaae474f87104bc68a9d7460aec3fca69235f,431
0x4daa02cdef1f543a2f9902d49a9f8dd8d928e703,8
0x4e9b1d4fe66eaf0f5efec5298a2039a2e1865f20,147
0x5e40d2a4ede5e68304c4fd27719fc3a5ac454cb6,192
0xe2fe1ea30a875f21ad71d16d8dbd0ad4be5ed965,330
0x2369251d3adecb6f3e13d4c4f79c76f68e911426,95
0x290d4a8e69ff3e8d56610d7ea23331857cceb185,132
0x099ffb5f9870974f595e80ec1618c6f83046fdd9,8605
0xecf42763cc4ef2693d617df4735e681635a06cd1,223
0x5798b43ce45d9d18404496e9c12a9173a02ae8fe,1790
0x9bbfe1f6ce22dd44dbe68b1498ed1971ac1a97b8,990
0x607136137e018ae9fb150f911eaea0f31a1e3b06,5
0xcc9dbbd9cd4efcede6dd6fa602873d4d3975199d,742
0x0600fac73b3ffbb08ba2144d3415c5def06a2d42,28
0xce3829a6464a860fd312651b6b9a98e62502a34f,21
0xc18ba3c9be59bad6c8413c48529462c09238b0e1,117
0x6abf60ae30a8d60f8993a16c7ad277bbe94a4ec2,319
0x74478043bc9b769fac3432d602309a4400606da0,15
0x3f53a77a80069c89e6fe787e030caf7684d00d15,330
0xe819748358812b5695a69a4693025db3b007e74c,63
0xd97cc691b5d6d8c7069007f16482efa497d845de,321
0x64fc054b1b9b7d7fe5f1c7039f4a02d56a4f14c2,27
0xc5764b0406ca09b822782bbfbe18d9f813a6bd5d,335
0x8907185215b09a949b0961bbd830e3e4b0795e71,337
0x255858fcd7800db47d4f5ae637f11e0d1e049ddc,11
0xdfecaf22fff73a6731ffa91157265368b520b651,193
0x14905746508e1245e24d40a3002efb29dfac1f7c,257
0x17b3ef7b32cc1c0065a91cc3a2451ecb9979e43a,184
0x595df84b4a5ba9672a471ee9c5751a8eeedde02a,3356
0x5adefa6b4c1e343c82c9f2c683918101873fba78,990
0x56d0ce9abe93af45e33ec81cf4cac4e908d84e4c,3175
0xd76cc7084f05d54b0c5a29681b2f5aa00be754b0,4
0x5421b6351df1b6f767439f0a1e57c8f9e6638ee2,7
0x36291851062134593a0d97185c7684d9aa459f19,176
0x382be9676f7df9dd7ce6d6edc412d805c321fed7,660
0x0724b7ea4cacd7d2f5e9e65a896a6c9bbd6cba4f,45
0xaecd7f3fe44ad0c84cee9a256ebb15b4892a67ff,66
0x398e950ca302b7368ead8709973890bc4811aee7,1002
0xf69d9d9ad2506519ce4b01683ac666fcac74cf09,16
0xb287d58605e175e883dcd3fc2b63b424e6ada4ca,99
0x85f3769aed624f037b20dd5de7f618f7dfaead1d,338
0x23d4d6f931367cf8322948d8354cc016fc312c19,1298
0x40ae0a4ee7fd17feb66c450e0131a42a20bfddab,55
0x022c47a5c0a24de08155545136fafba4f80a2727,1320
0xa4a81b67a780a74a427219901ed1e22a96c5a5a4,165
0x6c3519c8186a1622838dc57498bab6d8c5008229,290
0xdfcd142557b6b3c62469633b2a53f2e94b3a6c40,1320
0x41b28f2024fbf84a6f344cd79f86b497ec3f0f29,19800
0xe84a290bf2af16be81ee79c855bdea10f07c3a6d,32995
0x2fe5d785c28f3596caf63746eafa53facafd13cb,95
0x4cde0457a886b46f188286fdfdd8000fee1877e0,5280
0xfe3754c58f0191be717e40e94c8bd1dbe988c3bc,509
0x7955819cdefb93a7a36655ccb075556634b7bf27,205
0x7656a8eef283751b222e2dd3b75ab21ab362228d,7
0x8a8aa04bf33ad110143e0286d1622449e842e494,12
0x839c41e493840d075a4d5df0ecd0432de753c78b,330
0x07f2a933ede268500e99d6c19f01a33bb1a84c4a,93
0xc69b1a5c3972a4b4ad56ba6ba30f3bb455aeff7f,821
0x11455d40244a299c433f09435ba97de5508775e4,12
0xd7d0a26b91ea530f788bbb8861678b90aa6fd3e9,172
0x1a27f82886a5bded9ae15cf6450b56d4b35a107e,132
0x598fbd2d4e5b381f5f537ac51c0e0debb3298944,66
0x0f79c6190cb1d1bbe77f82192053e218af871646,205
0x43f89bfeaa5786e48cdaa93b84f1aa9689ef05de,324
0x971ce8dc47306087ce61bbb4f2d75552a4dd36ef,73
0x5c9d4615dc33b1933bf55de93c3cbb5c4c6f0865,66
0x690cb62bee2aba689cdcdcffb1f87f8c9fe2bef9,218
0x6d6620e3a64a1412c17ca9e07149bedece249151,331
0x5857e33d4bdb2d4ad6d4638e3c2f7b05dbcacb24,295
0x1760f58761b43f811ebd007a86cf12124fb14188,40
0x8915b5099e408c5e6fd6451ef2d9c48f2a0694a3,67
0x997735f95a82c83e6f3ac8cbcc7967df585b827e,46
0xa7b5a1e5a6680cea5a2fa36ac8d5ebd4b53705e8,644
0x186b8c27b5c010e43b3ecfb46ef22cd2c91de622,153
0x04639394472af7019cd810a51718c74e4cc6822b,4641
0x8b495070064e737b7a81d17b22c650dd1060b436,330
0xc50e83e9d88c5452a683e7d162b75c41c7b10ff0,1805
0x2d134e310090d3e2105ddbaa2da0e373f6c3218a,103
0x280920c954804f8ee5d197776d36e6af5d865899,27
0x56860e8e22260fc003f9615582a26b6c5ac90298,1124
0xc54dbe97b648511d7adde78fc4e62fd8c2869b16,1461
0x7e752761e62a7e671ff7446560b064c2d1c198cd,126
0x04f69017aa71ed491eaa9cb5d8361c3e5cc8869c,32
0xd8491d09073cbc4d7e0c3f9999aedcf9cb9120f5,74
0x5e4b85f03f7e0c256f6f1bd311534776da054f11,29
0xb3d577778f761ed4e3a568d6f32f682bce4fce77,60
0xecf0862fb1be0239a236b690ec4b3a328ab28c49,11
0x333cad1e486204f52cb3a9927a6c56b10923bb8d,15
0xca6ed89b0fa009dd96069038047536b6e420d0a8,212
0xd257ec541c791bf554a2984bee3fbac555310ff3,4
0x37b18523cadd5736604abd4c41a8e55e994eb630,11
0xa974db324e039c06aa2e8cb1baad344f019aedbe,33
0xd22b1a156fb30755dfca58c29a736c8fa3e2754a,66
0xe7b08df2e0b196b1ccb0f009edc9d4684580f8d0,15
0x1b0b790c53acf8d4d14db01d42ded0df2ca3efc4,83
0xc2d5cfcf41d971d0c99715d3a0c38c6e0ce4ed53,22
0x4b2277cce55c4d8ab1bd1ad417b086f7ae1adc21,307
0x806d5211dfb46d628197768e2ab834d4e6573645,13200
0xa8a6ffdcf02d51c28e39086da76dc9e97f09f668,211
0x9065b9c8fce4c176ec081a19b3d46082a562db68,347
0xcf61c60975e33df5df8978e9b25fab66135d8c36,209
0xb15ac4c6d4216622529a4ac7f28df80c4ca60b3c,52
0x3288df4abaab08736f9caf3ea0b36f0f858b9082,952
0x7c0467cdc71aa40a1a3b129c187eedd20247d1a5,628
0xfd6ce4f02b316738cd6b6d3a7f716c2feeca9328,4502
0x82cc2bce2b0997b1078d8faf8a7d4343c6d90c94,8
0xbfc2b750a7cb2745d1eabc33aaad759de8737e87,132
0x1d11c4f01b3f331f3c842449d159cc87908ea2c2,890
0xf39827bc6a8420cbc4841a7c220a9cc8c5660bb5,14
ï»¿
